{"hair2":{"x":379.5309168443497,"y":267.36886993603406},"hair1":{"x":374.6434195725534,"y":250.24859392575928},"hair3":{"x":373.71863405134064,"y":194.73100750465898},"hair4":{"x":391.81236673773986,"y":253.35820895522386},"hair5":{"x":373.70788912579957,"y":205.3262260127932},"hair6":{"x":369.97867803837954,"y":192.40938166311295},"top1":{"x":372.70788912579957,"y":387.91257995735606},"top2":{"x":380.1663113006396,"y":369.8081023454158},"top3":{"x":383.6247334754798,"y":342.1513859275053},"top4":{"x":379.5309168443497,"y":371.80810234541576},"top5":{"x":381.8955223880597,"y":354.79744136460556},"top6":{"x":376.8017057569296,"y":378.9957356076759},"top7":{"x":383.2601279317697,"y":362.9850746268657},"top8":{"x":384.62473347547973,"y":357.1620469083156},"up1":{"x":390.44776119402985,"y":421.66311300639654},"up2":{"x":388.9061833688699,"y":407.01705756929636},"up3":{"x":371.07249466950964,"y":387.81876332622596},"skirt1":{"x":384.98933901918974,"y":526.7377398720682},"skirt2":{"x":365.2494669509595,"y":526.6439232409382},"skirt3":{"x":363.1556503198294,"y":504.9040511727079},"skirt4":{"x":367.2494669509595,"y":517.185501066098},"skirt5":{"x":368.97867803837954,"y":661.8336886993604},"dress1":{"x":320.4882729211088,"y":613.7078891257996},"dress2":{"x":368.61407249466953,"y":657.7398720682303},"dress3":{"x":369.6140724946695,"y":450.6844349680171},"dress4":{"x":379.8955223880597,"y":442.1321961620469},"dress5":{"x":370.34328358208955,"y":442.8614072494669},"dress6":{"x":372.70788912579957,"y":616.8017057569296},"dress7":{"x":371.70788912579957,"y":608.6140724946695},"dress8":{"x":401.72921108742,"y":606.5202558635394},"shoes1":{"x":410.91684434968016,"y":950.0362473347548},"shoes2":{"x":409.55223880597015,"y":936.7547974413645},"shoes3":{"x":412.6460554371002,"y":936.4840085287847},"shoes4":{"x":409.91684434968016,"y":932.0255863539445},"shoes5":{"x":414.64605543710024,"y":957.953091684435},"shoes6":{"x":410.18763326226014,"y":923.9317697228146},"shoes7":{"x":408.18763326226014,"y":958.776119402985},"bag1":{"x":505.07462686567163,"y":578.2281449893391},"bag2":{"x":509.5330490405117,"y":583.7803837953091},"bag3":{"x":511.26226012793177,"y":574.6865671641791},"bag4":{"x":520.4498933901918,"y":579.2281449893391},"nec1":{"x":379.1663113006396,"y":333.5991471215352},"nec2":{"x":378.1663113006397,"y":338.42217484008535},"nec3":{"x":378.1663113006397,"y":349.3390191897655},"nec4":{"x":379.5309168443497,"y":296.11940298507466},"nec5":{"x":379.53091684434963,"y":283.8379530916844},"ear1":{"x":375.07249466950964,"y":224.4307036247335},"ear2":{"x":374.07249466950964,"y":225.15991471215352},"ear3":{"x":374.07249466950964,"y":212.87846481876332},"ear4":{"x":378.80170575692966,"y":223.79530916844348},"bracl1":{"x":488.69936034115136,"y":480.3411513859275},"bracl2":{"x":482.24093816631137,"y":459.5074626865671},"crown1":{"x":371.97867803837954,"y":125.08528784648188},"crown2":{"x":372.70788912579957,"y":139.5543710021322},"crown3":{"x":373.70788912579957,"y":138.18976545842216}}